review_id,product_name,review_text,sentiment,classic_prediction,gemini_prediction,gemini_raw_response
190,Headset Bluetooth,Barang tidak berfungsi sama sekali begitu diterima.,negatif,negatif,negatif,negatif
69,Charger Cepat,"Sudah langganan di toko ini, kualitas selalu konsisten bagus.",positif,positif,positif,positif
116,Headset Bluetooth,"Suka banget sama warnanya, sesuai ekspektasi.",positif,positif,positif,positif
70,Lampu LED,"Kualitas produk sangat memuaskan, akan order lagi.",positif,positif,positif,positif
174,Rice Cooker,"Ukuran tidak sesuai, terlalu kecil dari yang dipesan.",negatif,negatif,negatif,negatif
7,Powerbank,Sudah bayar mahal tapi kualitas jauh dari ekspektasi.,negatif,negatif,negatif,negatif
72,Headset Bluetooth,"Suka banget sama warnanya, sesuai ekspektasi.",positif,positif,positif,positif
55,Tas Ransel,"Fast respon, pengiriman cepat, barang aman sampai tujuan.",positif,positif,positif,positif
75,Jaket Hoodie,"Produk palsu, bukan barang original seperti yang dijanjikan.",negatif,negatif,negatif,negatif
115,Kemeja Flanel,Komplain tidak ditanggapi sama sekali oleh penjual.,negatif,negatif,negatif,negatif
162,Kaos Polos,"Fast respon, pengiriman cepat, barang aman sampai tujuan.",positif,positif,positif,positif
113,Charger Cepat,"Pengiriman lambat sekali, sudah dua minggu belum sampai.",negatif,negatif,negatif,negatif
11,Blender Mini,"Bahan nyaman dipakai, ukuran pas, tidak mengecewakan.",positif,positif,positif,positif
191,Kemeja Flanel,"Pelayanan ramah dan responsif, barang sampai lebih cepat dari estimasi.",positif,positif,positif,positif
61,Charger Cepat,"Sangat mengecewakan, uang saya seperti terbuang percuma.",negatif,negatif,negatif,negatif
19,Kursi Lipat,"Produk original dan berfungsi dengan baik, terima kasih!",positif,positif,positif,positif
192,Kursi Lipat,Pelayanan lambat dan tidak responsif saat dikomplain.,negatif,negatif,negatif,negatif
189,Jaket Hoodie,"Pelayanan ramah dan responsif, barang sampai lebih cepat dari estimasi.",positif,positif,positif,positif
4,Case HP,Warna produk berbeda jauh dari foto di listing.,negatif,negatif,negatif,negatif
48,Rice Cooker,Sudah bayar mahal tapi kualitas jauh dari ekspektasi.,negatif,negatif,negatif,negatif
2,Case HP,"Puas banget belanja disini, proses cepat dan barang aman.",positif,positif,positif,positif
31,Case HP,"Ukuran dan warna berbeda dari pesanan, sangat kecewa.",negatif,negatif,negatif,negatif
136,Kursi Lipat,"Produk original dan berfungsi dengan baik, terima kasih!",positif,positif,positif,positif
81,Blender Mini,"Sangat puas dengan pembelian ini, akan beli lagi di lain waktu.",positif,positif,positif,positif
10,Kaos Polos,"Bahan nyaman dipakai, ukuran pas, tidak mengecewakan.",positif,positif,positif,positif
90,Sandal Jepit,"Barangnya bagus banget, sesuai foto dan pengiriman cepat!",positif,positif,positif,positif
20,Botol Minum,"Pelayanan cepat tanggap, produk berkualitas tinggi.",positif,positif,positif,positif
149,Sandal Jepit,"Barangnya bagus banget, sesuai foto dan pengiriman cepat!",positif,positif,positif,positif
182,Tas Ransel,"Produk original dan berfungsi dengan baik, terima kasih!",positif,positif,positif,positif
137,Sandal Jepit,"Bahan murahan, tidak sesuai dengan harga yang dibayarkan.",negatif,negatif,negatif,negatif
8,Lampu LED,"Belanja disini selalu puas, kualitas terjaga.",positif,positif,positif,positif
128,Headset Bluetooth,Barang tidak berfungsi sama sekali begitu diterima.,negatif,negatif,negatif,negatif
135,Tas Ransel,"Puas banget belanja disini, proses cepat dan barang aman.",positif,positif,positif,positif
168,Sepatu Sneakers,"Tidak sesuai standar, banyak cacat pada produk yang diterima.",negatif,negatif,negatif,negatif
39,Case HP,"Kualitas produk jelek, baru dipakai sekali sudah rusak.",negatif,negatif,negatif,negatif
158,Blender Mini,"Produk palsu, bukan barang original seperti yang dijanjikan.",negatif,negatif,negatif,negatif
43,Kemeja Flanel,"Ukuran dan warna berbeda dari pesanan, sangat kecewa.",negatif,negatif,negatif,negatif
127,Sandal Jepit,"Ukuran dan warna berbeda dari pesanan, sangat kecewa.",negatif,negatif,negatif,negatif
179,Sepatu Sneakers,"Suka banget sama warnanya, sesuai ekspektasi.",positif,positif,positif,positif
198,Kemeja Flanel,"Produknya rapi dan bersih, tidak ada cacat sama sekali.",positif,positif,positif,positif
